{
  "project_info": {
    "project_number": "224084831561",
    "project_id": "chatrealtime-84952",
    "storage_bucket": "chatrealtime-84952.appspot.com"
  },
  "client": [
    {
      "client_info": {
        "mobilesdk_app_id": "1:224084831561:android:f4b73cf43eb67151d3be98",
        "android_client_info": {
          "package_name": "com.example.chatfirebase"
        }
      },
      "oauth_client": [
        {
          "client_id": "224084831561-rdg07q2hcsl4re1jul1er4h4se099icn.apps.googleusercontent.com",
          "client_type": 3
        }
      ],
      "api_key": [
        {
          "current_key": "AIzaSyDqGF3U4pl7i9oJBGtt3vqQJAMEW6_mPzs"
        }
      ],
      "services": {
        "appinvite_service": {
          "other_platform_oauth_client": [
            {
              "client_id": "224084831561-rdg07q2hcsl4re1jul1er4h4se099icn.apps.googleusercontent.com",
              "client_type": 3
            }
          ]
        }
      }
    }
  ],
  "configuration_version": "1"
}